Time(s);f001
0.0000;1
0.0050;1
0.0100;1
0.0150;1
0.0200;1
0.0250;1
0.0300;2
0.0350;1
0.0400;2
0.0450;2
0.0500;2
0.0550;2
0.0600;2
0.0650;1
0.0700;2
0.0750;2
0.0800;2
0.0850;1
0.0900;1
0.0950;2
0.1000;2
0.1050;1
0.1100;1
0.1150;2
0.1200;1
0.1250;1
0.1300;1
0.1350;2
0.1400;2
0.1450;2
0.1500;1
0.1550;2
0.1600;2
0.1650;2
0.1700;1
0.1750;2
0.1800;2
0.1850;1
0.1900;2
0.1950;1
0.2000;1
0.2050;1
0.2100;2
0.2150;2
0.2200;2
0.2250;2
0.2300;2
0.2350;2
0.2400;2
0.2450;1
0.2500;2
0.2550;1
0.2600;1
0.2650;1
0.2700;1
0.2750;2
0.2800;2
0.2850;1
0.2900;1
0.2950;2
0.3000;1
0.3050;1
0.3100;2
0.3150;2
0.3200;1
0.3250;2
0.3300;1
0.3350;2
0.3400;1
0.3450;1
0.3500;1
0.3550;2
0.3600;1
0.3650;2
0.3700;2
0.3750;2
0.3800;2
0.3850;2
0.3900;1
0.3950;1
0.4000;2
0.4050;2
0.4100;2
0.4150;2
0.4200;1
0.4250;1
0.4300;1
0.4350;1
0.4400;1
0.4450;1
0.4500;2
0.4550;2
0.4600;1
0.4650;1
0.4700;2
0.4750;2
0.4800;2
0.4850;2
0.4900;1
0.4950;2
0.5000;2
0.5050;1
0.5100;2
0.5150;1
0.5200;1
0.5250;1
0.5300;2
0.5350;1
0.5400;2
0.5450;2
0.5500;1
0.5550;2
0.5600;1
0.5650;1
0.5700;2
0.5750;2
0.5800;2
0.5850;2
0.5900;2
0.5950;2
0.6000;2
0.6050;1
0.6100;1
0.6150;2
0.6200;1
0.6250;2
0.6300;1
0.6350;1
0.6400;1
0.6450;2
0.6500;2
0.6550;2
0.6600;2
0.6650;1
0.6700;1
0.6750;1
0.6800;2
0.6850;1
0.6900;1
0.6950;2
0.7000;1
0.7050;2
0.7100;1
0.7150;2
0.7200;2
0.7250;2
0.7300;1
0.7350;1
0.7400;2
0.7450;2
0.7500;2
0.7550;2
0.7600;2
0.7650;1
0.7700;2
0.7750;1
0.7800;1
0.7850;1
0.7900;2
0.7950;2
0.8000;1
0.8050;2
0.8100;2
0.8150;1
0.8200;1
0.8250;1
0.8300;1
0.8350;2
0.8400;1
0.8450;2
0.8500;2
0.8550;1
0.8600;1
0.8650;2
0.8700;1
0.8750;2
0.8800;2
0.8850;1
0.8900;1
0.8950;2
0.9000;2
0.9050;2
0.9100;1
0.9150;1
0.9200;2
0.9250;2
0.9300;2
0.9350;1
0.9400;1
0.9450;1
0.9500;1
0.9550;1
0.9600;2
0.9650;2
0.9700;1
0.9750;2
0.9800;2
0.9850;2
0.9900;1
0.9950;1
1;1
1.0050;2
1.0100;2
1.0150;2
1.0200;1
1.0250;2
1.0300;2
1.0350;1
1.0400;2
1.0450;2
1.0500;1
1.0550;2
1.0600;2
1.0650;1
1.0700;1
1.0750;2
1.0800;2
1.0850;1
1.0900;1
1.0950;2
1.1000;1
1.1050;1
1.1100;2
1.1150;2
1.1200;2
1.1250;1
1.1300;1
1.1350;1
1.1400;2
1.1450;2
1.1500;2
1.1550;1
1.1600;1
1.1650;2
1.1700;1
1.1750;1
1.1800;2
1.1850;2
1.1900;1
1.1950;1
1.2000;1
1.2050;1
1.2100;2
1.2150;1
1.2200;1
1.2250;1
1.2300;2
1.2350;1
1.2400;1
1.2450;2
1.2500;2
1.2550;1
1.2600;2
1.2650;1
1.2700;1
1.2750;2
1.2800;1
1.2850;2
1.2900;2
1.2950;2
1.3000;2
1.3050;2
1.3100;1
1.3150;2
1.3200;1
1.3250;2
1.3300;2
1.3350;2
1.3400;1
1.3450;2
1.3500;2
1.3550;2
1.3600;1
1.3650;1
1.3700;1
1.3750;2
1.3800;1
1.3850;1
1.3900;2
1.3950;2
1.4000;2
1.4050;2
1.4100;1
1.4150;2
1.4200;2
1.4250;2
1.4300;1
1.4350;1
1.4400;2
1.4450;1
1.4500;1
1.4550;1
1.4600;2
1.4650;2
1.4700;2
1.4750;2
1.4800;1
1.4850;1
1.4900;2
1.4950;2
1.5000;1
1.5050;2
1.5100;1
1.5150;1
1.5200;2
1.5250;2
1.5300;2
1.5350;2
1.5400;2
1.5450;1
1.5500;1
1.5550;1
1.5600;2
1.5650;1
1.5700;2
1.5750;2
1.5800;2
1.5850;1
1.5900;1
1.5950;2
1.6000;2
1.6050;2
1.6100;2
1.6150;2
1.6200;2
1.6250;2
1.6300;1
1.6350;1
1.6400;1
1.6450;2
1.6500;1
1.6550;2
1.6600;1
1.6650;1
1.6700;2
1.6750;2
1.6800;1
1.6850;1
1.6900;1
1.6950;1
1.7000;1
1.7050;1
1.7100;2
1.7150;1
1.7200;2
1.7250;2
1.7300;1
1.7350;1
1.7400;2
1.7450;1
1.7500;2
1.7550;2
1.7600;1
1.7650;2
1.7700;2
1.7750;1
1.7800;1
1.7850;2
1.7900;2
1.7950;1
1.8000;2
1.8050;2
1.8100;2
1.8150;1
1.8200;2
1.8250;1
1.8300;1
1.8350;2
1.8400;1
1.8450;2
1.8500;1
1.8550;2
1.8600;1
1.8650;2
1.8700;2
1.8750;2
1.8800;2
1.8850;2
1.8900;1
1.8950;1
1.9000;2
1.9050;1
1.9100;1
1.9150;1
1.9200;2
1.9250;1
1.9300;2
1.9350;2
1.9400;1
1.9450;2
1.9500;1
1.9550;2
1.9600;1
1.9650;1
1.9700;2
1.9750;1
1.9800;1
1.9850;2
1.9900;2
1.9950;2
2;2
2.0050;2
2.0100;1
2.0150;1
2.0200;2
2.0250;1
2.0300;2
2.0350;1
2.0400;2
2.0450;2
2.0500;2
2.0550;1
2.0600;1
2.0650;2
2.0700;1
2.0750;2
2.0800;1
2.0850;1
2.0900;2
2.0950;1
2.1000;2
2.1050;1
2.1100;1
2.1150;1
2.1200;2
2.1250;1
2.1300;2
2.1350;1
2.1400;1
2.1450;2
2.1500;2
2.1550;2
2.1600;1
2.1650;2
2.1700;2
2.1750;2
2.1800;1
2.1850;2
2.1900;2
2.1950;1
2.2000;2
2.2050;1
2.2100;1
2.2150;1
2.2200;2
2.2250;2
2.2300;2
2.2350;1
2.2400;2
2.2450;2
2.2500;1
2.2550;2
2.2600;1
2.2650;2
2.2700;1
2.2750;2
2.2800;1
2.2850;2
2.2900;1
2.2950;1
2.3000;1
2.3050;2
2.3100;2
2.3150;2
2.3200;1
2.3250;1
2.3300;1
2.3350;1
2.3400;1
2.3450;2
2.3500;2
2.3550;2
2.3600;1
2.3650;2
2.3700;2
2.3750;2
2.3800;2
2.3850;1
2.3900;1
2.3950;2
2.4000;1
2.4050;1
2.4100;2
2.4150;2
2.4200;2
2.4250;1
2.4300;1
2.4350;1
2.4400;1
2.4450;1
2.4500;1
2.4550;1
2.4600;2
2.4650;2
2.4700;2
2.4750;2
2.4800;1
2.4850;1
2.4900;1
2.4950;2
2.5000;2
2.5050;2
2.5100;2
2.5150;1
2.5200;1
2.5250;2
2.5300;2
2.5350;2
2.5400;2
2.5450;2
2.5500;1
2.5550;1
2.5600;1
2.5650;1
2.5700;1
2.5750;2
2.5800;2
2.5850;2
2.5900;2
2.5950;2
2.6000;1
2.6050;1
2.6100;1
2.6150;1
2.6200;1
2.6250;2
2.6300;2
2.6350;2
2.6400;1
2.6450;2
2.6500;2
2.6550;2
2.6600;2
2.6650;2
2.6700;1
2.6750;1
2.6800;1
2.6850;1
2.6900;2
2.6950;2
2.7000;2
2.7050;2
2.7100;2
2.7150;1
2.7200;2
2.7250;1
2.7300;2
2.7350;2
2.7400;1
2.7450;1
2.7500;1
2.7550;1
2.7600;2
2.7650;2
2.7700;2
2.7750;2
2.7800;2
2.7850;2
2.7900;1
2.7950;2
2.8000;1
2.8050;2
2.8100;1
2.8150;2
2.8200;2
2.8250;1
2.8300;2
2.8350;2
2.8400;2
2.8450;1
2.8500;1
2.8550;1
2.8600;1
2.8650;1
2.8700;1
2.8750;2
2.8800;2
2.8850;1
2.8900;2
2.8950;1
2.9000;2
2.9050;2
2.9100;1
2.9150;2
2.9200;2
2.9250;2
2.9300;2
2.9350;2
2.9400;2
2.9450;2
2.9500;1
2.9550;1
2.9600;1
2.9650;2
2.9700;2
2.9750;2
2.9800;1
2.9850;2
2.9900;1
2.9950;1
3;1
3.0050;1
3.0100;1
3.0150;2
3.0200;1
3.0250;1
3.0300;1
3.0350;2
3.0400;1
3.0450;2
3.0500;2
3.0550;1
3.0600;1
3.0650;2
3.0700;2
3.0750;2
3.0800;1
3.0850;1
3.0900;2
3.0950;2
3.1000;1
3.1050;2
3.1100;2
3.1150;1
3.1200;1
3.1250;1
3.1300;2
3.1350;2
3.1400;2
3.1450;1
3.1500;1
3.1550;1
3.1600;1
3.1650;2
3.1700;2
3.1750;2
3.1800;1
3.1850;1
3.1900;2
3.1950;1
3.2000;2
3.2050;2
3.2100;1
3.2150;2
3.2200;2
3.2250;1
3.2300;1
3.2350;2
3.2400;1
3.2450;2
3.2500;1
3.2550;2
3.2600;2
3.2650;2
3.2700;2
3.2750;2
3.2800;2
3.2850;2
3.2900;1
3.2950;1
3.3000;1
3.3050;2
3.3100;2
3.3150;1
3.3200;2
3.3250;2
3.3300;2
3.3350;2
3.3400;1
3.3450;1
3.3500;1
3.3550;1
3.3600;1
3.3650;2
3.3700;2
3.3750;1
3.3800;1
3.3850;1
3.3900;2
3.3950;1
3.4000;2
3.4050;1
3.4100;2
3.4150;2
3.4200;2
3.4250;1
3.4300;1
3.4350;1
3.4400;2
3.4450;2
3.4500;1
3.4550;2
3.4600;2
3.4650;1
3.4700;2
3.4750;1
3.4800;2
3.4850;1
3.4900;2
3.4950;1
3.5000;1
3.5050;2
3.5100;2
3.5150;1
3.5200;2
3.5250;1
3.5300;1
3.5350;2
3.5400;2
3.5450;2
3.5500;1
3.5550;1
3.5600;2
3.5650;1
3.5700;2
3.5750;1
3.5800;1
3.5850;1
3.5900;2
3.5950;2
3.6000;1
3.6050;2
3.6100;2
3.6150;2
3.6200;2
3.6250;1
3.6300;1
3.6350;1
3.6400;2
3.6450;2
3.6500;2
3.6550;1
3.6600;2
3.6650;2
3.6700;1
3.6750;1
3.6800;1
3.6850;1
3.6900;2
3.6950;1
3.7000;2
3.7050;1
3.7100;2
3.7150;1
3.7200;1
3.7250;2
3.7300;2
3.7350;2
3.7400;1
3.7450;2
3.7500;2
3.7550;1
3.7600;2
3.7650;1
3.7700;2
3.7750;1
3.7800;2
3.7850;2
3.7900;1
3.7950;1
3.8000;1
3.8050;2
3.8100;1
3.8150;1
3.8200;1
3.8250;2
3.8300;1
3.8350;2
3.8400;2
3.8450;2
3.8500;2
3.8550;2
3.8600;2
3.8650;1
3.8700;1
3.8750;2
3.8800;2
3.8850;1
3.8900;2
3.8950;1
3.9000;2
3.9050;1
3.9100;1
3.9150;1
3.9200;2
3.9250;1
3.9300;1
3.9350;2
3.9400;1
3.9450;2
3.9500;2
3.9550;1
3.9600;1
3.9650;2
3.9700;2
3.9750;2
3.9800;2
3.9850;2
3.9900;1
3.9950;1
4;2
4.0050;2
4.0100;2
4.0150;2
4.0200;2
4.0250;1
4.0300;1
4.0350;2
4.0400;2
4.0450;2
4.0500;1
4.0550;1
4.0600;1
4.0650;1
4.0700;2
4.0750;1
4.0800;2
4.0850;2
4.0900;1
4.0950;1
4.1000;2
4.1050;1
4.1100;2
4.1150;2
4.1200;2
4.1250;1
4.1300;1
4.1350;2
4.1400;2
4.1450;2
4.1500;1
4.1550;2
4.1600;1
4.1650;2
4.1700;1
4.1750;2
4.1800;2
4.1850;1
4.1900;1
4.1950;2
4.2000;2
4.2050;1
4.2100;1
4.2150;1
4.2200;1
4.2250;1
4.2300;2
4.2350;2
4.2400;1
4.2450;2
4.2500;2
4.2550;2
4.2600;1
4.2650;1
4.2700;1
4.2750;2
4.2800;2
4.2850;1
4.2900;2
4.2950;2
4.3000;1
4.3050;1
4.3100;1
4.3150;2
4.3200;1
4.3250;1
4.3300;2
4.3350;2
4.3400;2
4.3450;2
4.3500;2
4.3550;1
4.3600;1
4.3650;1
4.3700;2
4.3750;2
4.3800;2
4.3850;1
4.3900;2
4.3950;1
4.4000;1
4.4050;2
4.4100;2
4.4150;1
4.4200;1
4.4250;2
4.4300;2
4.4350;1
4.4400;1
4.4450;2
4.4500;2
4.4550;1
4.4600;1
4.4650;1
4.4700;2
4.4750;2
4.4800;2
4.4850;1
4.4900;1
4.4950;1
4.5000;2
4.5050;2
4.5100;2
4.5150;1
4.5200;2
4.5250;1
4.5300;1
4.5350;2
4.5400;1
4.5450;2
4.5500;1
4.5550;1
4.5600;2
4.5650;1
4.5700;2
4.5750;2
4.5800;2
4.5850;2
4.5900;2
4.5950;1
4.6000;1
4.6050;2
4.6100;1
4.6150;1
4.6200;2
4.6250;2
4.6300;1
4.6350;2
4.6400;1
4.6450;1
4.6500;1
4.6550;2
4.6600;1
4.6650;2
4.6700;1
4.6750;1
4.6800;1
4.6850;2
4.6900;2
4.6950;1
4.7000;2
4.7050;2
4.7100;2
4.7150;2
4.7200;2
4.7250;1
4.7300;2
4.7350;2
4.7400;1
4.7450;2
4.7500;1
4.7550;2
4.7600;1
4.7650;1
4.7700;2
4.7750;2
4.7800;2
4.7850;1
4.7900;1
4.7950;1
4.8000;2
4.8050;2
4.8100;2
4.8150;2
4.8200;1
4.8250;2
4.8300;2
4.8350;1
4.8400;1
4.8450;1
4.8500;2
4.8550;1
4.8600;1
4.8650;2
4.8700;1
4.8750;1
4.8800;2
4.8850;2
4.8900;2
4.8950;2
4.9000;1
4.9050;2
4.9100;1
4.9150;2
4.9200;2
4.9250;1
4.9300;2
4.9350;2
4.9400;2
4.9450;2
4.9500;2
4.9550;2
4.9600;1
4.9650;2
4.9700;1
4.9750;2
4.9800;1
4.9850;2
4.9900;1
4.9950;1
5;2
5.0050;1
5.0100;2
5.0150;1
5.0200;1
5.0250;1
5.0300;2
5.0350;1
5.0400;1
5.0450;2
5.0500;2
5.0550;1
5.0600;2
5.0650;2
5.0700;1
5.0750;1
5.0800;1
5.0850;2
5.0900;2
5.0950;1
5.1000;2
5.1050;1
5.1100;2
5.1150;1
5.1200;2
5.1250;2
5.1300;2
5.1350;1
5.1400;1
5.1450;1
5.1500;1
5.1550;1
5.1600;1
5.1650;1
5.1700;1
5.1750;2
5.1800;2
5.1850;2
5.1900;1
5.1950;1
5.2000;2
5.2050;2
5.2100;2
5.2150;1
5.2200;2
5.2250;2
5.2300;1
5.2350;2
5.2400;2
5.2450;2
5.2500;2
5.2550;2
5.2600;1
5.2650;1
5.2700;2
5.2750;2
5.2800;2
5.2850;2
5.2900;2
5.2950;2
5.3000;1
5.3050;2
5.3100;1
5.3150;2
5.3200;1
5.3250;2
5.3300;1
5.3350;1
5.3400;2
5.3450;1
5.3500;2
5.3550;2
5.3600;1
5.3650;2
5.3700;1
5.3750;2
5.3800;2
5.3850;1
5.3900;1
5.3950;1
5.4000;2
5.4050;1
5.4100;2
5.4150;1
5.4200;1
5.4250;2
5.4300;1
5.4350;1
5.4400;2
5.4450;2
5.4500;1
5.4550;2
5.4600;1
5.4650;2
5.4700;2
5.4750;2
5.4800;1
5.4850;1
5.4900;1
5.4950;1
5.5000;2
5.5050;1
5.5100;1
5.5150;1
5.5200;1
5.5250;1
5.5300;2
5.5350;2
5.5400;1
5.5450;2
5.5500;2
5.5550;1
5.5600;2
5.5650;2
5.5700;2
5.5750;1
5.5800;2
5.5850;1
5.5900;2
5.5950;1
5.6000;2
5.6050;2
5.6100;2
5.6150;2
5.6200;1
5.6250;1
5.6300;1
5.6350;1
5.6400;1
5.6450;2
5.6500;2
5.6550;2
5.6600;1
5.6650;1
5.6700;2
5.6750;2
5.6800;2
5.6850;1
5.6900;2
5.6950;2
5.7000;1
5.7050;1
5.7100;2
5.7150;2
5.7200;1
5.7250;2
5.7300;1
5.7350;1
5.7400;2
5.7450;2
5.7500;1
5.7550;2
5.7600;1
5.7650;1
5.7700;2
5.7750;2
5.7800;2
5.7850;1
5.7900;2
5.7950;2
5.8000;1
5.8050;1
5.8100;1
5.8150;1
5.8200;2
5.8250;2
5.8300;1
5.8350;2
5.8400;1
5.8450;2
5.8500;2
5.8550;2
5.8600;2
5.8650;2
5.8700;1
5.8750;1
5.8800;1
5.8850;2
5.8900;1
5.8950;1
5.9000;2
5.9050;1
5.9100;2
5.9150;2
5.9200;1
5.9250;2
5.9300;1
5.9350;2
5.9400;1
5.9450;2
5.9500;2
5.9550;1
5.9600;2
5.9650;2
5.9700;2
5.9750;2
5.9800;1
5.9850;1
5.9900;1
5.9950;2
6;2
6.0050;1
6.0100;2
6.0150;1
6.0200;2
6.0250;2
6.0300;2
6.0350;2
6.0400;1
6.0450;1
6.0500;2
6.0550;2
6.0600;1
6.0650;2
6.0700;2
6.0750;1
6.0800;1
6.0850;2
6.0900;1
6.0950;2
6.1000;1
6.1050;1
6.1100;1
6.1150;1
6.1200;2
6.1250;2
6.1300;1
6.1350;2
6.1400;2
6.1450;1
6.1500;2
6.1550;1
6.1600;1
6.1650;1
6.1700;2
6.1750;2
6.1800;1
6.1850;2
6.1900;1
6.1950;1
6.2000;1
6.2050;1
6.2100;1
6.2150;1
6.2200;2
6.2250;1
6.2300;2
6.2350;1
6.2400;1
6.2450;2
6.2500;2
6.2550;2
6.2600;2
6.2650;2
6.2700;2
6.2750;2
6.2800;2
6.2850;1
6.2900;2
6.2950;2
6.3000;1
6.3050;2
6.3100;2
6.3150;2
6.3200;1
6.3250;1
6.3300;1
6.3350;1
6.3400;2
6.3450;1
6.3500;1
6.3550;2
6.3600;1
6.3650;1
6.3700;2
6.3750;1
6.3800;1
6.3850;1
6.3900;2
6.3950;2
6.4000;2
6.4050;2
6.4100;2
6.4150;1
6.4200;2
6.4250;2
6.4300;2
6.4350;1
6.4400;1
6.4450;2
6.4500;2
6.4550;1
6.4600;2
6.4650;2
6.4700;1
6.4750;2
6.4800;2
6.4850;2
6.4900;1
6.4950;2
6.5000;1
6.5050;2
6.5100;2
6.5150;1
6.5200;1
6.5250;1
6.5300;2
6.5350;2
6.5400;1
6.5450;2
6.5500;2
6.5550;1
6.5600;1
6.5650;2
6.5700;2
6.5750;2
6.5800;1
6.5850;2
6.5900;1
6.5950;1
6.6000;1
6.6050;1
6.6100;1
6.6150;2
6.6200;2
6.6250;1
6.6300;1
6.6350;2
6.6400;2
6.6450;2
6.6500;2
6.6550;1
6.6600;2
6.6650;1
6.6700;1
6.6750;1
6.6800;2
6.6850;2
6.6900;1
6.6950;2
6.7000;2
6.7050;1
6.7100;1
6.7150;2
6.7200;1
6.7250;2
6.7300;1
6.7350;2
6.7400;2
6.7450;2
6.7500;1
6.7550;1
6.7600;1
6.7650;1
6.7700;2
6.7750;2
6.7800;1
6.7850;1
6.7900;2
6.7950;2
6.8000;1
6.8050;2
6.8100;1
6.8150;2
6.8200;1
6.8250;2
6.8300;2
6.8350;2
6.8400;2
6.8450;2
6.8500;1
6.8550;2
6.8600;1
6.8650;2
6.8700;1
6.8750;1
6.8800;1
6.8850;1
6.8900;1
6.8950;1
6.9000;2
6.9050;2
6.9100;2
6.9150;1
6.9200;1
6.9250;1
6.9300;2
6.9350;1
6.9400;2
6.9450;2
6.9500;2
6.9550;2
6.9600;1
6.9650;2
6.9700;1
6.9750;2
6.9800;2
6.9850;2
6.9900;1
6.9950;2
7;1
7.0050;1
7.0100;2
7.0150;2
7.0200;2
7.0250;1
7.0300;1
7.0350;2
7.0400;2
7.0450;1
7.0500;1
7.0550;1
7.0600;2
7.0650;1
7.0700;2
7.0750;1
7.0800;1
7.0850;2
7.0900;2
7.0950;2
7.1000;1
7.1050;1
7.1100;2
7.1150;1
7.1200;2
7.1250;2
7.1300;1
7.1350;2
7.1400;1
7.1450;2
7.1500;1
7.1550;2
7.1600;2
7.1650;2
7.1700;2
7.1750;2
7.1800;1
7.1850;1
7.1900;1
7.1950;2
7.2000;1
7.2050;2
7.2100;1
7.2150;1
7.2200;2
7.2250;2
7.2300;2
7.2350;2
7.2400;1
7.2450;1
7.2500;1
7.2550;2
7.2600;2
7.2650;1
7.2700;1
7.2750;2
7.2800;2
7.2850;1
7.2900;1
7.2950;1
7.3000;2
7.3050;2
7.3100;1
7.3150;2
7.3200;1
7.3250;2
7.3300;1
7.3350;2
7.3400;1
7.3450;1
7.3500;2
7.3550;2
7.3600;1
7.3650;1
7.3700;1
7.3750;1
7.3800;2
7.3850;2
7.3900;2
7.3950;2
7.4000;2
7.4050;2
7.4100;1
7.4150;1
7.4200;2
7.4250;1
7.4300;1
7.4350;2
7.4400;1
7.4450;1
7.4500;1
7.4550;2
7.4600;2
7.4650;2
7.4700;2
7.4750;2
7.4800;2
7.4850;2
7.4900;2
7.4950;1
7.5000;1
7.5050;1
7.5100;1
7.5150;1
7.5200;2
7.5250;2
7.5300;2
7.5350;2
7.5400;1
7.5450;1
7.5500;1
7.5550;1
7.5600;1
7.5650;1
7.5700;2
7.5750;2
7.5800;2
7.5850;2
7.5900;2
7.5950;2
7.6000;1
7.6050;1
7.6100;2
7.6150;2
7.6200;1
7.6250;1
7.6300;2
7.6350;1
7.6400;2
7.6450;2
7.6500;2
7.6550;1
7.6600;2
7.6650;1
7.6700;1
7.6750;1
7.6800;2
7.6850;1
7.6900;2
7.6950;2
7.7000;1
7.7050;1
7.7100;1
7.7150;2
7.7200;2
7.7250;2
7.7300;2
7.7350;2
7.7400;2
7.7450;2
7.7500;1
7.7550;1
7.7600;2
7.7650;1
7.7700;1
7.7750;2
7.7800;2
7.7850;2
7.7900;1
7.7950;1
7.8000;1
7.8050;1
7.8100;2
7.8150;2
7.8200;2
7.8250;2
7.8300;1
7.8350;2
7.8400;1
7.8450;1
7.8500;2
7.8550;2
7.8600;2
7.8650;2
7.8700;1
7.8750;1
7.8800;2
7.8850;1
7.8900;1
7.8950;2
7.9000;2
7.9050;2
7.9100;1
7.9150;1
7.9200;2
7.9250;1
7.9300;1
7.9350;2
7.9400;1
7.9450;2
7.9500;1
7.9550;1
7.9600;2
7.9650;2
7.9700;2
7.9750;1
7.9800;2
7.9850;1
7.9900;2
7.9950;2
8;2
8.0050;2
8.0100;1
8.0150;1
8.0200;1
8.0250;1
8.0300;1
8.0350;2
8.0400;2
8.0450;2
8.0500;1
8.0550;1
8.0600;2
8.0650;2
8.0700;2
8.0750;2
8.0800;1
8.0850;2
8.0900;1
8.0950;1
8.1000;1
8.1050;1
8.1100;2
8.1150;2
8.1200;2
8.1250;2
8.1300;1
8.1350;1
8.1400;2
8.1450;2
8.1500;1
8.1550;1
8.1600;2
8.1650;2
8.1700;1
8.1750;2
8.1800;2
8.1850;1
8.1900;2
8.1950;1
8.2000;2
8.2050;2
8.2100;1
8.2150;1
8.2200;1
8.2250;2
8.2300;2
8.2350;2
8.2400;1
8.2450;2
8.2500;1
8.2550;2
8.2600;1
8.2650;1
8.2700;2
8.2750;2
8.2800;1
8.2850;1
8.2900;2
8.2950;1
8.3000;1
8.3050;2
8.3100;2
8.3150;1
8.3200;1
8.3250;2
8.3300;1
8.3350;1
8.3400;2
8.3450;2
8.3500;2
8.3550;1
8.3600;1
8.3650;2
8.3700;1
8.3750;2
8.3800;1
8.3850;2
8.3900;1
8.3950;2
8.4000;2
8.4050;2
8.4100;2
8.4150;1
8.4200;1
8.4250;1
8.4300;2
8.4350;2
8.4400;2
8.4450;2
8.4500;2
8.4550;1
8.4600;2
8.4650;1
8.4700;1
8.4750;2
8.4800;1
8.4850;2
8.4900;1
8.4950;1
8.5000;2
8.5050;1
8.5100;1
8.5150;1
8.5200;2
8.5250;2
8.5300;1
8.5350;1
8.5400;1
8.5450;1
8.5500;1
8.5550;2
8.5600;1
8.5650;2
8.5700;1
8.5750;2
8.5800;2
8.5850;2
8.5900;2
8.5950;1
8.6000;2
8.6050;2
8.6100;1
8.6150;2
8.6200;1
8.6250;2
8.6300;1
8.6350;2
8.6400;1
8.6450;2
8.6500;2
8.6550;2
8.6600;2
8.6650;1
8.6700;2
8.6750;1
8.6800;2
8.6850;2
8.6900;2
8.6950;1
8.7000;2
8.7050;2
8.7100;2
8.7150;1
8.7200;1
8.7250;1
8.7300;2
8.7350;1
8.7400;2
8.7450;2
8.7500;1
8.7550;1
8.7600;2
8.7650;1
8.7700;2
8.7750;2
8.7800;2
8.7850;2
8.7900;1
8.7950;1
8.8000;1
8.8050;2
8.8100;1
8.8150;2
8.8200;2
8.8250;1
8.8300;1
8.8350;1
8.8400;1
8.8450;1
8.8500;2
8.8550;2
8.8600;1
8.8650;2
8.8700;1
8.8750;2
8.8800;1
8.8850;1
8.8900;1
8.8950;2
8.9000;1
8.9050;2
8.9100;2
8.9150;2
8.9200;1
8.9250;1
8.9300;2
8.9350;2
8.9400;2
8.9450;2
8.9500;2
8.9550;1
8.9600;1
8.9650;2
8.9700;1
8.9750;1
8.9800;2
8.9850;2
8.9900;2
8.9950;1
9;2
9.0050;1
9.0100;2
9.0150;2
9.0200;2
9.0250;2
9.0300;2
9.0350;2
9.0400;1
9.0450;1
9.0500;2
9.0550;2
9.0600;2
9.0650;1
9.0700;1
9.0750;2
9.0800;1
9.0850;1
9.0900;1
9.0950;2
9.1000;2
9.1050;1
9.1100;2
9.1150;1
9.1200;2
9.1250;2
9.1300;1
9.1350;2
9.1400;1
9.1450;2
9.1500;2
9.1550;1
9.1600;1
9.1650;1
9.1700;1
9.1750;1
9.1800;2
9.1850;1
9.1900;1
9.1950;1
9.2000;2
9.2050;1
9.2100;2
9.2150;2
9.2200;1
9.2250;1
9.2300;1
9.2350;1
9.2400;2
9.2450;2
9.2500;2
9.2550;1
9.2600;2
9.2650;2
9.2700;2
9.2750;2
9.2800;1
9.2850;2
9.2900;2
9.2950;2
9.3000;1
9.3050;1
9.3100;1
9.3150;1
9.3200;1
9.3250;2
9.3300;2
9.3350;2
9.3400;1
9.3450;2
9.3500;1
9.3550;1
9.3600;2
9.3650;2
9.3700;1
9.3750;2
9.3800;1
9.3850;2
9.3900;2
9.3950;1
9.4000;2
9.4050;1
9.4100;1
9.4150;2
9.4200;2
9.4250;1
9.4300;2
9.4350;2
9.4400;2
9.4450;2
9.4500;1
9.4550;1
9.4600;1
9.4650;1
9.4700;2
9.4750;1
9.4800;1
9.4850;2
9.4900;1
9.4950;1
9.5000;2
9.5050;2
9.5100;2
9.5150;2
9.5200;1
9.5250;1
9.5300;1
9.5350;2
9.5400;1
9.5450;2
9.5500;2
9.5550;2
9.5600;1
9.5650;2
9.5700;2
9.5750;1
9.5800;2
9.5850;2
9.5900;1
9.5950;1
9.6000;2
9.6050;2
9.6100;1
9.6150;2
9.6200;2
9.6250;1
9.6300;2
9.6350;1
9.6400;1
9.6450;1
9.6500;2
9.6550;2
9.6600;2
9.6650;1
9.6700;2
9.6750;1
9.6800;1
9.6850;2
9.6900;2
9.6950;1
9.7000;1
9.7050;1
9.7100;1
9.7150;2
9.7200;1
9.7250;2
9.7300;2
9.7350;1
9.7400;2
9.7450;2
9.7500;1
9.7550;1
9.7600;2
9.7650;2
9.7700;2
9.7750;1
9.7800;2
9.7850;2
9.7900;1
9.7950;2
9.8000;1
9.8050;2
9.8100;1
9.8150;2
9.8200;2
9.8250;2
9.8300;2
9.8350;1
9.8400;1
9.8450;1
9.8500;1
9.8550;2
9.8600;2
9.8650;2
9.8700;1
9.8750;1
9.8800;1
9.8850;1
9.8900;1
9.8950;2
9.9000;1
9.9050;1
9.9100;2
9.9150;1
9.9200;2
9.9250;2
9.9300;1
9.9350;2
9.9400;2
9.9450;2
9.9500;1
9.9550;1
9.9600;1
9.9650;2
9.9700;1
9.9750;2
9.9800;1
9.9850;1
9.9900;2
9.9950;2
10;2
10.0050;1
10.0100;2
10.0150;2
10.0200;2
10.0250;2
10.0300;2
10.0350;2
10.0400;1
10.0450;2
10.0500;2
10.0550;2
10.0600;1
10.0650;2
10.0700;1
10.0750;1
10.0800;1
10.0850;2
10.0900;2
10.0950;1
10.1000;1
10.1050;2
10.1100;2
10.1150;2
10.1200;2
10.1250;2
10.1300;2
10.1350;1
10.1400;1
10.1450;1
10.1500;2
10.1550;1
10.1600;2
10.1650;1
10.1700;1
10.1750;2
10.1800;2
10.1850;1
10.1900;1
10.1950;1
10.2000;2
10.2050;1
10.2100;2
10.2150;1
10.2200;2
10.2250;1
10.2300;2
10.2350;1
10.2400;2
10.2450;2
10.2500;2
10.2550;1
10.2600;2
10.2650;2
10.2700;2
10.2750;2
10.2800;2
10.2850;1
10.2900;2
10.2950;2
10.3000;1
10.3050;1
10.3100;1
10.3150;1
10.3200;1
10.3250;2
10.3300;1
10.3350;2
10.3400;1
10.3450;2
10.3500;1
10.3550;1
10.3600;1
10.3650;2
10.3700;2
10.3750;2
10.3800;1
10.3850;1
10.3900;1
10.3950;2
10.4000;1
10.4050;1
10.4100;2
10.4150;2
10.4200;1
10.4250;1
10.4300;1
10.4350;1
10.4400;2
10.4450;2
10.4500;2
10.4550;2
10.4600;1
10.4650;2
10.4700;1
10.4750;2
10.4800;2
10.4850;2
10.4900;1
10.4950;1
10.5000;2
10.5050;2
10.5100;1
10.5150;2
10.5200;1
10.5250;2
10.5300;1
10.5350;2
10.5400;1
10.5450;2
10.5500;1
10.5550;1
10.5600;2
10.5650;1
10.5700;2
10.5750;2
10.5800;2
10.5850;2
10.5900;2
10.5950;1
10.6000;2
10.6050;2
10.6100;2
10.6150;1
10.6200;1
10.6250;1
10.6300;2
10.6350;2
10.6400;2
10.6450;1
10.6500;1
10.6550;2
10.6600;2
10.6650;1
10.6700;1
10.6750;1
10.6800;2
10.6850;2
10.6900;1
10.6950;1
10.7000;2
10.7050;1
10.7100;2
10.7150;2
10.7200;2
10.7250;2
10.7300;2
10.7350;1
10.7400;1
10.7450;2
10.7500;1
10.7550;2
10.7600;1
10.7650;1
10.7700;1
10.7750;2
10.7800;2
10.7850;1
10.7900;1
10.7950;1
10.8000;1
10.8050;2
10.8100;2
10.8150;2
10.8200;2
10.8250;2
10.8300;2
10.8350;1
10.8400;2
10.8450;1
10.8500;1
10.8550;2
10.8600;1
10.8650;1
10.8700;1
10.8750;2
10.8800;1
10.8850;1
10.8900;2
10.8950;2
10.9000;2
10.9050;1
10.9100;1
10.9150;2
10.9200;2
10.9250;2
10.9300;1
10.9350;1
10.9400;2
10.9450;1
10.9500;1
10.9550;2
10.9600;1
10.9650;2
10.9700;1
10.9750;2
10.9800;2
10.9850;1
10.9900;1
10.9950;1
11;1
11.0050;2
11.0100;1
11.0150;2
11.0200;1
11.0250;2
11.0300;2
11.0350;2
11.0400;2
11.0450;2
11.0500;1
11.0550;1
11.0600;1
11.0650;2
11.0700;1
11.0750;1
11.0800;2
11.0850;2
11.0900;1
11.0950;1
11.1000;2
11.1050;1
11.1100;1
11.1150;2
11.1200;2
11.1250;2
11.1300;1
11.1350;2
11.1400;1
11.1450;1
11.1500;2
11.1550;1
11.1600;2
11.1650;2
11.1700;2
11.1750;2
11.1800;1
11.1850;1
11.1900;2
11.1950;2
11.2000;1
11.2050;2
11.2100;2
11.2150;2
11.2200;2
11.2250;1
11.2300;2
11.2350;1
11.2400;2
11.2450;1
11.2500;1
11.2550;2
11.2600;2
11.2650;1
11.2700;1
11.2750;1
11.2800;1
11.2850;2
11.2900;2
11.2950;2
11.3000;1
11.3050;2
11.3100;1
11.3150;2
11.3200;1
11.3250;1
11.3300;2
11.3350;2
11.3400;2
11.3450;2
11.3500;2
11.3550;2
11.3600;1
11.3650;1
11.3700;2
11.3750;1
11.3800;1
11.3850;2
11.3900;2
11.3950;1
11.4000;2
11.4050;2
11.4100;2
11.4150;1
11.4200;1
11.4250;1
11.4300;1
11.4350;1
11.4400;2
11.4450;2
11.4500;2
11.4550;1
11.4600;2
11.4650;2
11.4700;1
11.4750;2
11.4800;1
11.4850;1
11.4900;2
11.4950;2
11.5000;1
11.5050;2
11.5100;1
11.5150;1
11.5200;2
11.5250;1
11.5300;1
11.5350;2
11.5400;2
11.5450;2
11.5500;2
11.5550;1
11.5600;2
11.5650;2
11.5700;1
11.5750;1
11.5800;2
11.5850;2
11.5900;2
11.5950;2
11.6000;1
11.6050;2
11.6100;1
11.6150;2
11.6200;1
11.6250;2
11.6300;2
11.6350;1
11.6400;2
11.6450;2
11.6500;2
11.6550;1
11.6600;2
11.6650;2
11.6700;1
11.6750;1
11.6800;1
11.6850;2
11.6900;2
11.6950;1
11.7000;1
11.7050;1
11.7100;2
11.7150;1
11.7200;1
11.7250;1
11.7300;1
11.7350;1
11.7400;1
11.7450;2
11.7500;1
11.7550;2
11.7600;2
11.7650;2
11.7700;1
11.7750;2
11.7800;2
11.7850;1
11.7900;1
11.7950;1
11.8000;1
11.8050;2
11.8100;2
11.8150;2
11.8200;2
11.8250;1
11.8300;2
11.8350;2
11.8400;1
11.8450;1
11.8500;1
11.8550;2
11.8600;1
11.8650;1
11.8700;2
11.8750;1
11.8800;2
11.8850;2
11.8900;2
11.8950;2
11.9000;2
11.9050;1
11.9100;1
11.9150;1
11.9200;2
11.9250;2
11.9300;1
11.9350;1
11.9400;2
11.9450;2
11.9500;2
11.9550;1
11.9600;1
11.9650;2
11.9700;2
11.9750;2
11.9800;1
11.9850;2
11.9900;2
11.9950;2
12;1
12.0050;2
12.0100;2
12.0150;2
12.0200;1
12.0250;1
12.0300;1
12.0350;2
12.0400;1
12.0450;1
12.0500;1
12.0550;2
12.0600;1
12.0650;2
12.0700;1
12.0750;2
12.0800;1
12.0850;1
12.0900;2
12.0950;2
12.1000;2
12.1050;2
12.1100;2
12.1150;1
12.1200;1
12.1250;1
12.1300;2
12.1350;1
12.1400;1
12.1450;2
12.1500;1
12.1550;1
12.1600;1
12.1650;1
12.1700;1
12.1750;2
12.1800;1
12.1850;2
12.1900;2
12.1950;2
12.2000;1
12.2050;2
12.2100;2
12.2150;2
12.2200;1
12.2250;2
12.2300;2
12.2350;2
12.2400;2
12.2450;2
12.2500;2
12.2550;1
12.2600;1
12.2650;2
12.2700;1
12.2750;1
12.2800;1
12.2850;1
12.2900;1
12.2950;2
12.3000;1
12.3050;2
12.3100;2
12.3150;1
12.3200;2
12.3250;1
12.3300;2
12.3350;1
12.3400;2
12.3450;2
12.3500;2
12.3550;2
12.3600;2
12.3650;1
12.3700;2
12.3750;2
12.3800;1
12.3850;2
12.3900;1
12.3950;1
12.4000;2
12.4050;1
12.4100;2
12.4150;2
12.4200;1
12.4250;2
12.4300;1
12.4350;2
12.4400;2
12.4450;1
12.4500;1
12.4550;2
12.4600;2
12.4650;2
12.4700;2
12.4750;1
12.4800;1
12.4850;1
12.4900;1
12.4950;1
12.5000;2
12.5050;2
12.5100;1
12.5150;1
12.5200;2
12.5250;1
12.5300;1
12.5350;2
12.5400;1
12.5450;2
12.5500;2
12.5550;1
12.5600;2
12.5650;2
12.5700;2
12.5750;1
12.5800;1
12.5850;1
12.5900;2
12.5950;2
12.6000;1
12.6050;2
12.6100;1
12.6150;1
12.6200;2
12.6250;2
12.6300;1
12.6350;2
12.6400;2
12.6450;2
12.6500;1
12.6550;1
12.6600;2
12.6650;2
12.6700;2
12.6750;1
12.6800;1
12.6850;1
12.6900;1
12.6950;2
12.7000;2
12.7050;2
12.7100;2
12.7150;1
12.7200;1
12.7250;2
12.7300;2
12.7350;1
12.7400;1
12.7450;2
12.7500;2
12.7550;2
12.7600;2
12.7650;2
12.7700;2
12.7750;2
12.7800;2
12.7850;1
12.7900;1
12.7950;2
12.8000;1
12.8050;1
12.8100;2
12.8150;2
12.8200;2
12.8250;1
12.8300;1
12.8350;1
12.8400;2
12.8450;1
12.8500;1
12.8550;2
12.8600;1
12.8650;2
12.8700;2
12.8750;2
12.8800;1
12.8850;1
12.8900;2
12.8950;1
12.9000;1
12.9050;2
12.9100;1
12.9150;1
12.9200;1
12.9250;2
12.9300;2
12.9350;2
12.9400;2
12.9450;1
12.9500;1
12.9550;1
12.9600;2
12.9650;1
12.9700;2
12.9750;1
12.9800;1
12.9850;2
12.9900;2
12.9950;1
13;1
13.0050;1
13.0100;2
13.0150;1
13.0200;1
13.0250;2
13.0300;1
13.0350;2
13.0400;1
13.0450;2
13.0500;2
13.0550;1
13.0600;2
13.0650;1
13.0700;2
13.0750;2
13.0800;2
13.0850;2
13.0900;1
13.0950;2
13.1000;2
13.1050;2
13.1100;1
13.1150;1
13.1200;2
13.1250;1
13.1300;2
13.1350;1
13.1400;1
13.1450;2
13.1500;2
13.1550;1
13.1600;2
13.1650;2
13.1700;1
13.1750;2
13.1800;1
13.1850;2
13.1900;1
13.1950;2
13.2000;1
13.2050;1
13.2100;2
13.2150;2
13.2200;2
13.2250;2
13.2300;2
13.2350;1
13.2400;1
13.2450;2
13.2500;1
13.2550;1
13.2600;1
13.2650;1
13.2700;2
13.2750;2
13.2800;2
13.2850;1
13.2900;1
13.2950;2
13.3000;2
13.3050;1
13.3100;2
13.3150;2
13.3200;1
13.3250;2
13.3300;1
13.3350;1
13.3400;2
13.3450;1
13.3500;2
13.3550;2
13.3600;2
13.3650;1
13.3700;2
13.3750;2
13.3800;2
13.3850;1
13.3900;2
13.3950;1
13.4000;1
13.4050;2
13.4100;1
13.4150;1
13.4200;2
13.4250;1
13.4300;1
13.4350;1
13.4400;1
13.4450;2
13.4500;1
13.4550;2
13.4600;2
13.4650;2
13.4700;1
13.4750;2
13.4800;2
13.4850;2
13.4900;2
13.4950;1
13.5000;2
13.5050;2
13.5100;1
13.5150;2
13.5200;1
13.5250;2
13.5300;1
13.5350;1
13.5400;1
13.5450;1
13.5500;1
13.5550;1
13.5600;2
13.5650;1
13.5700;2
13.5750;2
13.5800;1
13.5850;2
13.5900;2
13.5950;2
13.6000;2
13.6050;1
13.6100;1
13.6150;2
13.6200;2
13.6250;2
13.6300;2
13.6350;1
13.6400;2
13.6450;1
13.6500;2
13.6550;2
13.6600;2
13.6650;1
13.6700;1
13.6750;1
13.6800;1
13.6850;2
13.6900;1
13.6950;1
13.7000;1
13.7050;1
13.7100;2
13.7150;2
13.7200;2
13.7250;1
13.7300;2
13.7350;1
13.7400;2
13.7450;1
13.7500;2
13.7550;2
13.7600;2
13.7650;1
13.7700;2
13.7750;1
13.7800;2
13.7850;2
13.7900;2
13.7950;1
13.8000;1
13.8050;1
13.8100;1
13.8150;1
13.8200;2
13.8250;2
13.8300;1
13.8350;1
13.8400;2
13.8450;2
13.8500;1
13.8550;2
13.8600;2
13.8650;2
13.8700;1
13.8750;1
13.8800;2
13.8850;2
13.8900;2
13.8950;1
13.9000;1
13.9050;2
13.9100;1
13.9150;2
13.9200;1
13.9250;2
13.9300;1
13.9350;2
13.9400;2
13.9450;2
13.9500;1
13.9550;2
13.9600;1
13.9650;1
13.9700;2
13.9750;2
13.9800;2
13.9850;2
13.9900;2
13.9950;1
14;2
14.0050;1
14.0100;2
14.0150;1
14.0200;1
14.0250;2
14.0300;1
14.0350;2
14.0400;2
14.0450;2
14.0500;2
14.0550;1
14.0600;1
14.0650;2
14.0700;1
14.0750;1
14.0800;2
14.0850;1
14.0900;1
14.0950;1
14.1000;1
14.1050;2
14.1100;2
14.1150;2
14.1200;1
14.1250;2
14.1300;2
14.1350;2
14.1400;1
14.1450;2
14.1500;2
14.1550;1
14.1600;2
14.1650;2
14.1700;1
14.1750;1
14.1800;1
14.1850;2
14.1900;1
14.1950;1
14.2000;2
14.2050;2
14.2100;2
14.2150;2
14.2200;1
14.2250;1
14.2300;2
14.2350;1
14.2400;2
14.2450;1
14.2500;1
14.2550;2
14.2600;1
14.2650;1
14.2700;2
14.2750;1
14.2800;2
14.2850;2
14.2900;1
14.2950;1
14.3000;1
14.3050;2
14.3100;2
14.3150;1
14.3200;1
14.3250;2
14.3300;1
14.3350;2
14.3400;2
14.3450;2
14.3500;2
14.3550;1
14.3600;1
14.3650;2
14.3700;1
14.3750;1
14.3800;2
14.3850;1
14.3900;1
14.3950;2
14.4000;2
14.4050;1
14.4100;2
14.4150;2
14.4200;2
14.4250;2
14.4300;1
14.4350;2
14.4400;1
14.4450;1
14.4500;1
14.4550;2
14.4600;2
14.4650;2
14.4700;1
14.4750;2
14.4800;1
14.4850;2
14.4900;1
14.4950;2
14.5000;2
14.5050;1
14.5100;1
14.5150;2
14.5200;1
14.5250;1
14.5300;2
14.5350;1
14.5400;1
14.5450;2
14.5500;1
14.5550;1
14.5600;2
14.5650;1
14.5700;1
14.5750;2
14.5800;1
14.5850;2
14.5900;2
14.5950;2
14.6000;2
14.6050;2
14.6100;2
14.6150;1
14.6200;1
14.6250;2
14.6300;2
14.6350;2
14.6400;2
14.6450;1
14.6500;2
14.6550;1
14.6600;1
14.6650;1
14.6700;1
14.6750;2
14.6800;1
14.6850;2
14.6900;2
14.6950;2
14.7000;1
14.7050;2
14.7100;2
14.7150;2
14.7200;1
14.7250;1
14.7300;2
14.7350;1
14.7400;2
14.7450;2
14.7500;1
14.7550;2
14.7600;1
14.7650;1
14.7700;2
14.7750;1
14.7800;2
14.7850;1
14.7900;1
14.7950;2
14.8000;2
14.8050;2
14.8100;2
14.8150;1
14.8200;2
14.8250;2
14.8300;1
14.8350;1
14.8400;2
14.8450;1
14.8500;1
14.8550;1
14.8600;1
14.8650;1
14.8700;2
14.8750;1
14.8800;2
14.8850;2
14.8900;2
14.8950;1
14.9000;2
14.9050;1
14.9100;1
14.9150;2
14.9200;1
14.9250;2
14.9300;2
14.9350;1
14.9400;2
14.9450;2
14.9500;1
14.9550;2
14.9600;2
14.9650;1
14.9700;1
14.9750;1
14.9800;1
14.9850;2
14.9900;1
14.9950;1
15;2
15.0050;1
15.0100;2
15.0150;1
15.0200;1
15.0250;1
15.0300;2
15.0350;1
15.0400;2
15.0450;2
15.0500;2
15.0550;1
15.0600;2
15.0650;2
15.0700;2
15.0750;1
15.0800;2
15.0850;2
15.0900;2
15.0950;1
15.1000;1
15.1050;2
15.1100;2
15.1150;1
15.1200;2
15.1250;2
15.1300;2
15.1350;1
15.1400;2
15.1450;2
15.1500;2
15.1550;2
15.1600;2
15.1650;1
15.1700;1
15.1750;1
15.1800;2
15.1850;1
15.1900;1
15.1950;1
15.2000;1
15.2050;1
15.2100;2
15.2150;2
15.2200;2
15.2250;2
15.2300;1
15.2350;2
15.2400;2
15.2450;2
15.2500;1
15.2550;1
15.2600;1
15.2650;2
15.2700;2
15.2750;2
15.2800;1
15.2850;1
15.2900;2
15.2950;1
15.3000;1
15.3050;2
15.3100;1
15.3150;2
15.3200;2
15.3250;2
15.3300;2
15.3350;2
15.3400;1
15.3450;1
15.3500;1
15.3550;2
15.3600;2
15.3650;2
15.3700;1
15.3750;2
15.3800;1
15.3850;2
15.3900;2
15.3950;1
15.4000;1
15.4050;2
15.4100;2
15.4150;1
15.4200;1
15.4250;1
15.4300;2
15.4350;2
15.4400;2
15.4450;2
15.4500;1
15.4550;1
15.4600;1
15.4650;1
15.4700;1
15.4750;1
15.4800;1
15.4850;2
15.4900;2
15.4950;1
15.5000;1
15.5050;2
15.5100;2
15.5150;1
15.5200;2
15.5250;1
15.5300;1
15.5350;2
15.5400;1
15.5450;1
15.5500;1
15.5550;2
15.5600;2
15.5650;2
15.5700;2
15.5750;1
15.5800;1
15.5850;2
15.5900;2
15.5950;2
15.6000;2
15.6050;1
15.6100;1
15.6150;2
15.6200;2
15.6250;2
15.6300;2
15.6350;1
15.6400;1
15.6450;1
15.6500;1
15.6550;2
15.6600;2
15.6650;2
15.6700;1
15.6750;2
15.6800;2
15.6850;2
15.6900;2
15.6950;2
15.7000;1
15.7050;2
15.7100;2
15.7150;2
15.7200;2
15.7250;1
15.7300;2
15.7350;1
15.7400;1
15.7450;2
15.7500;1
15.7550;1
15.7600;1
15.7650;2
15.7700;1
15.7750;1
15.7800;1
15.7850;1
15.7900;1
15.7950;2
15.8000;2
15.8050;2
15.8100;1
15.8150;1
15.8200;1
15.8250;2
15.8300;2
15.8350;2
15.8400;1
15.8450;1
15.8500;2
15.8550;2
15.8600;2
15.8650;2
15.8700;2
15.8750;1
15.8800;2
15.8850;2
15.8900;1
15.8950;2
15.9000;1
15.9050;2
15.9100;1
15.9150;2
15.9200;2
15.9250;1
15.9300;2
15.9350;1
15.9400;2
15.9450;1
15.9500;1
15.9550;2
15.9600;1
15.9650;1
15.9700;1
15.9750;2
15.9800;2
15.9850;1
15.9900;1
15.9950;2
16;1
16.0050;2
16.0100;2
16.0150;2
16.0200;1
16.0250;1
16.0300;1
16.0350;1
16.0400;1
16.0450;1
16.0500;2
16.0550;2
16.0600;2
16.0650;2
16.0700;1
16.0750;1
16.0800;1
16.0850;1
16.0900;1
16.0950;2
16.1000;2
16.1050;2
16.1100;1
16.1150;2
16.1200;2
16.1250;2
16.1300;2
16.1350;1
16.1400;2
16.1450;2
16.1500;2
16.1550;1
16.1600;1
16.1650;1
16.1700;2
16.1750;1
16.1800;2
16.1850;2
16.1900;1
16.1950;1
16.2000;1
16.2050;2
16.2100;2
16.2150;1
16.2200;2
16.2250;1
16.2300;2
16.2350;1
16.2400;1
16.2450;2
16.2500;2
16.2550;2
16.2600;1
16.2650;2
16.2700;2
16.2750;2
16.2800;1
16.2850;1
16.2900;2
16.2950;1
16.3000;2
16.3050;1
16.3100;2
16.3150;2
16.3200;1
16.3250;2
16.3300;2
16.3350;2
16.3400;1
16.3450;2
16.3500;2
16.3550;2
16.3600;2
16.3650;2
16.3700;2
16.3750;1
16.3800;2
16.3850;1
16.3900;2
16.3950;1
16.4000;1
16.4050;2
16.4100;1
16.4150;1
16.4200;2
16.4250;2
16.4300;1
16.4350;1
16.4400;1
16.4450;2
16.4500;2
16.4550;2
16.4600;1
16.4650;1
16.4700;1
16.4750;1
16.4800;1
16.4850;2
16.4900;2
16.4950;2
16.5000;1
16.5050;2
16.5100;1
16.5150;1
16.5200;2
16.5250;2
16.5300;1
16.5350;1
16.5400;2
16.5450;2
16.5500;2
16.5550;2
16.5600;1
16.5650;1
16.5700;1
16.5750;2
16.5800;2
16.5850;2
16.5900;2
16.5950;1
16.6000;2
16.6050;1
16.6100;1
16.6150;1
16.6200;2
16.6250;1
16.6300;2
16.6350;1
16.6400;2
16.6450;2
16.6500;1
16.6550;1
16.6600;1
16.6650;1
16.6700;2
16.6750;2
16.6800;2
16.6850;1
16.6900;1
16.6950;1
16.7000;2
16.7050;2
16.7100;2
16.7150;2
16.7200;2
16.7250;2
16.7300;1
16.7350;2
16.7400;2
16.7450;1
16.7500;1
16.7550;1
16.7600;2
16.7650;2
16.7700;2
16.7750;2
16.7800;1
16.7850;1
16.7900;1
16.7950;1
16.8000;1
16.8050;2
16.8100;2
16.8150;1
16.8200;1
16.8250;2
16.8300;1
16.8350;1
16.8400;2
16.8450;2
16.8500;2
16.8550;2
16.8600;1
16.8650;2
16.8700;2
16.8750;1
16.8800;1
16.8850;2
16.8900;1
16.8950;2
16.9000;2
16.9050;1
16.9100;2
16.9150;2
16.9200;1
16.9250;1
16.9300;2
16.9350;2
16.9400;1
16.9450;1
16.9500;1
16.9550;2
16.9600;1
16.9650;1
16.9700;2
16.9750;2
16.9800;1
16.9850;1
16.9900;2
16.9950;2
17;1
17.0050;1
17.0100;1
17.0150;1
17.0200;1
17.0250;1
17.0300;2
17.0350;1
17.0400;2
17.0450;2
17.0500;2
17.0550;2
17.0600;2
17.0650;1
17.0700;2
17.0750;2
17.0800;2
17.0850;1
17.0900;1
17.0950;2
17.1000;2
17.1050;1
17.1100;1
17.1150;2
17.1200;1
17.1250;1
17.1300;1
17.1350;2
17.1400;2
17.1450;2
17.1500;1
17.1550;2
17.1600;2
17.1650;2
17.1700;1
17.1750;2
17.1800;2
17.1850;1
17.1900;2
17.1950;1
17.2000;1
17.2050;1
17.2100;2
17.2150;2
17.2200;2
17.2250;2
17.2300;2
17.2350;2
17.2400;2
17.2450;1
17.2500;2
17.2550;1
17.2600;1
17.2650;1
17.2700;1
17.2750;2
17.2800;2
17.2850;1
17.2900;1
17.2950;2
17.3000;1
17.3050;1
17.3100;2
17.3150;2
17.3200;1
17.3250;2
17.3300;1
17.3350;2
17.3400;1
17.3450;1
17.3500;1
17.3550;2
17.3600;1
17.3650;2
17.3700;2
17.3750;2
17.3800;2
17.3850;2
17.3900;1
17.3950;1
17.4000;2
17.4050;2
17.4100;2
17.4150;2
17.4200;1
17.4250;1
17.4300;1
17.4350;1
17.4400;1
17.4450;1
17.4500;2
17.4550;2
17.4600;1
17.4650;1
17.4700;2
17.4750;2
17.4800;2
17.4850;2
17.4900;1
17.4950;2
17.5000;2
17.5050;1
17.5100;2
17.5150;1
17.5200;1
17.5250;1
17.5300;2
17.5350;1
17.5400;2
17.5450;2
17.5500;1
17.5550;2
17.5600;1
17.5650;1
17.5700;2
17.5750;2
17.5800;2
17.5850;2
17.5900;2
17.5950;2
17.6000;2
17.6050;1
17.6100;1
17.6150;2
17.6200;1
17.6250;2
17.6300;1
17.6350;1
17.6400;1
17.6450;2
17.6500;2
17.6550;2
17.6600;2
17.6650;1
17.6700;1
17.6750;1
17.6800;2
17.6850;1
17.6900;1
17.6950;2
17.7000;1
17.7050;2
17.7100;1
17.7150;2
17.7200;2
17.7250;2
17.7300;1
17.7350;1
17.7400;2
17.7450;2
17.7500;2
17.7550;2
17.7600;2
17.7650;1
17.7700;2
17.7750;1
17.7800;1
17.7850;1
17.7900;2
17.7950;2
17.8000;1
17.8050;2
17.8100;2
17.8150;1
17.8200;1
17.8250;1
17.8300;1
17.8350;2
17.8400;1
17.8450;2
17.8500;2
17.8550;1
17.8600;1
17.8650;2
17.8700;1
17.8750;2
17.8800;2
17.8850;1
17.8900;1
17.8950;2
17.9000;2
17.9050;2
17.9100;1
17.9150;1
17.9200;2
17.9250;2
17.9300;2
17.9350;1
17.9400;1
17.9450;1
17.9500;1
17.9550;1
17.9600;2
17.9650;2
17.9700;1
17.9750;2
17.9800;2
17.9850;2
17.9900;1
17.9950;1
18;1
18.0050;2
18.0100;2
18.0150;2
18.0200;1
18.0250;2
18.0300;2
18.0350;1
18.0400;2
18.0450;2
18.0500;1
18.0550;2
18.0600;2
18.0650;1
18.0700;1
18.0750;2
18.0800;2
18.0850;1
18.0900;1
18.0950;2
18.1000;1
18.1050;1
18.1100;2
18.1150;2
18.1200;2
18.1250;1
18.1300;1
18.1350;1
18.1400;2
18.1450;2
18.1500;2
18.1550;1
18.1600;1
18.1650;2
18.1700;1
18.1750;1
18.1800;2
18.1850;2
18.1900;1
18.1950;1
18.2000;1
18.2050;1
18.2100;2
18.2150;1
18.2200;1
18.2250;1
18.2300;2
18.2350;1
18.2400;1
18.2450;2
18.2500;2
18.2550;1
18.2600;2
18.2650;1
18.2700;1
18.2750;2
18.2800;1
18.2850;2
18.2900;2
18.2950;2
18.3000;2
18.3050;2
18.3100;1
18.3150;2
18.3200;1
18.3250;2
18.3300;2
18.3350;2
18.3400;1
18.3450;2
18.3500;2
18.3550;2
18.3600;1
18.3650;1
18.3700;1
18.3750;2
18.3800;1
18.3850;1
18.3900;2
18.3950;2
18.4000;2
18.4050;2
18.4100;1
18.4150;2
18.4200;2
18.4250;2
18.4300;1
18.4350;1
18.4400;2
18.4450;1
18.4500;1
18.4550;1
18.4600;2
18.4650;2
18.4700;2
18.4750;2
18.4800;1
18.4850;1
18.4900;2
18.4950;2
18.5000;1
18.5050;2
18.5100;1
18.5150;1
18.5200;2
18.5250;2
18.5300;2
18.5350;2
18.5400;2
18.5450;1
18.5500;1
18.5550;1
18.5600;2
18.5650;1
18.5700;2
18.5750;2
18.5800;2
18.5850;1
18.5900;1
18.5950;2
18.6000;2
18.6050;2
18.6100;2
18.6150;2
18.6200;2
18.6250;2
18.6300;1
18.6350;1
18.6400;1
18.6450;2
18.6500;1
18.6550;2
18.6600;1
18.6650;1
18.6700;2
18.6750;2
18.6800;1
18.6850;1
18.6900;1
18.6950;1
18.7000;1
18.7050;1
18.7100;2
18.7150;1
18.7200;2
18.7250;2
18.7300;1
18.7350;1
18.7400;2
18.7450;1
18.7500;2
18.7550;2
18.7600;1
18.7650;2
18.7700;2
18.7750;1
18.7800;1
18.7850;2
18.7900;2
18.7950;1
18.8000;2
18.8050;2
18.8100;2
18.8150;1
18.8200;2
18.8250;1
18.8300;1
18.8350;2
18.8400;1
18.8450;2
18.8500;1
18.8550;2
18.8600;1
18.8650;2
18.8700;2
18.8750;2
18.8800;2
18.8850;2
18.8900;1
18.8950;1
18.9000;2
18.9050;1
18.9100;1
18.9150;1
18.9200;2
18.9250;1
18.9300;2
18.9350;2
18.9400;1
18.9450;2
18.9500;1
18.9550;2
18.9600;1
18.9650;1
18.9700;2
18.9750;1
18.9800;1
18.9850;2
18.9900;2
18.9950;2
19;2
19.0050;2
19.0100;1
19.0150;1
19.0200;2
19.0250;1
19.0300;2
19.0350;1
19.0400;2
19.0450;2
19.0500;2
19.0550;1
19.0600;1
19.0650;2
19.0700;1
19.0750;2
19.0800;1
19.0850;1
19.0900;2
19.0950;1
19.1000;2
19.1050;1
19.1100;1
19.1150;1
19.1200;2
19.1250;1
19.1300;2
19.1350;1
19.1400;1
19.1450;2
19.1500;2
19.1550;2
19.1600;1
19.1650;2
19.1700;2
19.1750;2
19.1800;1
19.1850;2
19.1900;2
19.1950;1
19.2000;2
19.2050;1
19.2100;1
19.2150;1
19.2200;2
19.2250;2
19.2300;2
19.2350;1
19.2400;2
19.2450;2
19.2500;1
19.2550;2
19.2600;1
19.2650;2
19.2700;1
19.2750;2
19.2800;1
19.2850;2
19.2900;1
19.2950;1
19.3000;1
19.3050;2
19.3100;2
19.3150;2
19.3200;1
19.3250;1
19.3300;1
19.3350;1
19.3400;1
19.3450;2
19.3500;2
19.3550;2
19.3600;1
19.3650;2
19.3700;2
19.3750;2
19.3800;2
19.3850;1
19.3900;1
19.3950;2
19.4000;1
19.4050;1
19.4100;2
19.4150;2
19.4200;2
19.4250;1
19.4300;1
19.4350;1
19.4400;1
19.4450;1
19.4500;1
19.4550;1
19.4600;2
19.4650;2
19.4700;2
19.4750;2
19.4800;1
19.4850;1
19.4900;1
19.4950;2
19.5000;2
19.5050;2
19.5100;2
19.5150;1
19.5200;1
19.5250;2
19.5300;2
19.5350;2
19.5400;2
19.5450;2
19.5500;1
19.5550;1
19.5600;1
19.5650;1
19.5700;1
19.5750;2
19.5800;2
19.5850;2
19.5900;2
19.5950;2
19.6000;1
19.6050;1
19.6100;1
19.6150;1
19.6200;1
19.6250;2
19.6300;2
19.6350;2
19.6400;1
19.6450;2
19.6500;2
19.6550;2
19.6600;2
19.6650;2
19.6700;1
19.6750;1
19.6800;1
19.6850;1
19.6900;2
19.6950;2
19.7000;2
19.7050;2
19.7100;2
19.7150;1
19.7200;2
19.7250;1
19.7300;2
19.7350;2
19.7400;1
19.7450;1
19.7500;1
19.7550;1
19.7600;2
19.7650;2
19.7700;2
19.7750;2
19.7800;2
19.7850;2
19.7900;1
19.7950;2
19.8000;1
19.8050;2
19.8100;1
19.8150;2
19.8200;2
19.8250;1
19.8300;2
19.8350;2
19.8400;2
19.8450;1
19.8500;1
19.8550;1
19.8600;1
19.8650;1
19.8700;1
19.8750;2
19.8800;2
19.8850;1
19.8900;2
19.8950;1
19.9000;2
19.9050;2
19.9100;1
19.9150;2
19.9200;2
19.9250;2
19.9300;2
19.9350;2
19.9400;2
19.9450;2
19.9500;1
19.9550;1
19.9600;1
19.9650;2
19.9700;2
19.9750;2
19.9800;1
19.9850;2
19.9900;1
19.9950;1
20;1
20.0050;1
20.0100;1
20.0150;2
20.0200;1
20.0250;1
20.0300;1
20.0350;2
20.0400;1
20.0450;2
20.0500;2
20.0550;1
20.0600;1
20.0650;2
20.0700;2
20.0750;2
20.0800;1
20.0850;1
20.0900;2
20.0950;2
20.1000;1
20.1050;2
20.1100;2
20.1150;1
20.1200;1
20.1250;1
20.1300;2
20.1350;2
20.1400;2
20.1450;1
20.1500;1
20.1550;1
20.1600;1
20.1650;2
20.1700;2
20.1750;2
20.1800;1
20.1850;1
20.1900;2
20.1950;1
20.2000;2
20.2050;2
20.2100;1
20.2150;2
20.2200;2
20.2250;1
20.2300;1
20.2350;2
20.2400;1
20.2450;2
20.2500;1
20.2550;2
20.2600;2
20.2650;2
20.2700;2
20.2750;2
20.2800;2
20.2850;2
20.2900;1
20.2950;1
20.3000;1
20.3050;2
20.3100;2
20.3150;1
20.3200;2
20.3250;2
20.3300;2
20.3350;2
20.3400;1
20.3450;1
20.3500;1
20.3550;1
20.3600;1
20.3650;2
20.3700;2
20.3750;1
20.3800;1
20.3850;1
20.3900;2
20.3950;1
20.4000;2
20.4050;1
20.4100;2
20.4150;2
20.4200;2
20.4250;1
20.4300;1
20.4350;1
20.4400;2
20.4450;2
20.4500;1
20.4550;2
20.4600;2
20.4650;1
20.4700;2
20.4750;1
20.4800;2
20.4850;1
20.4900;2
20.4950;1
20.5000;1
20.5050;2
20.5100;2
20.5150;1
20.5200;2
20.5250;1
20.5300;1
20.5350;2
20.5400;2
20.5450;2
20.5500;1
20.5550;1
20.5600;2
20.5650;1
20.5700;2
20.5750;1
20.5800;1
20.5850;1
20.5900;2
20.5950;2
20.6000;1
20.6050;2
20.6100;2
20.6150;2
20.6200;2
20.6250;1
20.6300;1
20.6350;1
20.6400;2
20.6450;2
20.6500;2
20.6550;1
20.6600;2
20.6650;2
20.6700;1
20.6750;1
20.6800;1
20.6850;1
20.6900;2
20.6950;1
20.7000;2
20.7050;1
20.7100;2
20.7150;1
20.7200;1
20.7250;2
20.7300;2
20.7350;2
20.7400;1
20.7450;2
20.7500;2
20.7550;1
20.7600;2
20.7650;1
20.7700;2
20.7750;1
20.7800;2
20.7850;2
20.7900;1
20.7950;1
20.8000;1
20.8050;2
20.8100;1
20.8150;1
20.8200;1
20.8250;2
20.8300;1
20.8350;2
20.8400;2
20.8450;2
20.8500;2
20.8550;2
20.8600;2
20.8650;1
20.8700;1
20.8750;2
20.8800;2
20.8850;1
20.8900;2
20.8950;1
20.9000;2
20.9050;1
20.9100;1
20.9150;1
20.9200;2
20.9250;1
20.9300;1
20.9350;2
20.9400;1
20.9450;2
20.9500;2
20.9550;1
20.9600;1
20.9650;2
20.9700;2
20.9750;2
20.9800;2
20.9850;2
20.9900;1
20.9950;1
21;2
21.0050;2
21.0100;2
21.0150;2
21.0200;2
21.0250;1
21.0300;1
21.0350;2
21.0400;2
21.0450;2
21.0500;1
21.0550;1
21.0600;1
21.0650;1
21.0700;2
21.0750;1
21.0800;2
21.0850;2
21.0900;1
21.0950;1
21.1000;2
21.1050;1
21.1100;2
21.1150;2
21.1200;2
21.1250;1
21.1300;1
21.1350;2
21.1400;2
21.1450;2
21.1500;1
21.1550;2
21.1600;1
21.1650;2
21.1700;1
21.1750;2
21.1800;2
21.1850;1
21.1900;1
21.1950;2
21.2000;2
21.2050;1
21.2100;1
21.2150;1
21.2200;1
21.2250;1
21.2300;2
21.2350;2
21.2400;1
21.2450;2
21.2500;2
21.2550;2
21.2600;1
21.2650;1
21.2700;1
21.2750;2
21.2800;2
21.2850;1
21.2900;2
21.2950;2
21.3000;1
21.3050;1
21.3100;1
21.3150;2
21.3200;1
21.3250;1
21.3300;2
21.3350;2
21.3400;2
21.3450;2
21.3500;2
21.3550;1
21.3600;1
21.3650;1
21.3700;2
21.3750;2
21.3800;2
21.3850;1
21.3900;2
21.3950;1
21.4000;1
21.4050;2
21.4100;2
21.4150;1
